<ca.mcgill.ecse321.FTMS.model.OrderManager id="1">
  <equipments id="2"/>
  <foodSupplies id="3">
    <ca.mcgill.ecse321.FTMS.model.Supply id="4">
      <foodName>orange</foodName>
      <foodQty>1</foodQty>
    </ca.mcgill.ecse321.FTMS.model.Supply>
    <ca.mcgill.ecse321.FTMS.model.Supply id="5">
      <foodName>orange</foodName>
      <foodQty>4</foodQty>
    </ca.mcgill.ecse321.FTMS.model.Supply>
    <ca.mcgill.ecse321.FTMS.model.Supply id="6">
      <foodName>orange</foodName>
      <foodQty>3</foodQty>
    </ca.mcgill.ecse321.FTMS.model.Supply>
    <ca.mcgill.ecse321.FTMS.model.Supply id="7">
      <foodName>orange</foodName>
      <foodQty>3</foodQty>
    </ca.mcgill.ecse321.FTMS.model.Supply>
  </foodSupplies>
  <menus id="8">
    <ca.mcgill.ecse321.FTMS.model.Menu id="9">
      <mealName>hamburger</mealName>
      <ingredientName reference="4"/>
      <ingredientQty>1</ingredientQty>
    </ca.mcgill.ecse321.FTMS.model.Menu>
  </menus>
  <tracker id="10"/>
</ca.mcgill.ecse321.FTMS.model.OrderManager>